{
  "n_folds": 3,
  "n_oos_bars": 117,
  "oos_total_return_pct": 1.4221578951520986,
  "oos_sharpe": 1.457261028631363,
  "oos_max_drawdown_pct": 0.9106671208789607,
  "mean_fold_return_pct": 0.4760461199677278,
  "std_fold_return_pct": 1.1258148566630288,
  "mean_fold_sharpe": 1.3049459521614613,
  "std_fold_sharpe": 3.589662577713341,
  "pct_folds_positive_return": 0.6666666666666666,
  "pct_folds_positive_sharpe": 0.6666666666666666,
  "folds": [
    {
      "index": 0,
      "train_start_ts": 1704229200000000000,
      "train_end_ts": 1710360000000000001,
      "val_start_ts": 1710878400000000000,
      "val_end_ts": 1713297600000000001,
      "train_bars": 50,
      "val_bars": 20,
      "train_rows": 92,
      "train_pos_rate": 0.5869565217391305,
      "n_fills": 2,
      "fold_return_pct": -0.8239329007311608,
      "fold_sharpe": -2.825514441955976,
      "fold_max_drawdown_pct": 0.8239329007311608,
      "final_equity": 99176.06709926884,
      "starting_cash": 100000.0,
      "model_dir": "reports\\walkforward\\spy_aapl_smoke\\fold_0"
    },
    {
      "index": 1,
      "train_start_ts": 1704229200000000000,
      "train_end_ts": 1713297600000000001,
      "val_start_ts": 1713816000000000000,
      "val_end_ts": 1715976000000000001,
      "train_bars": 73,
      "val_bars": 20,
      "train_rows": 138,
      "train_pos_rate": 0.5434782608695652,
      "n_fills": 12,
      "fold_return_pct": 1.1260075186625909,
      "fold_sharpe": 3.670426247148571,
      "fold_max_drawdown_pct": 0.27476981057339356,
      "final_equity": 101126.00751866259,
      "starting_cash": 100000.0,
      "model_dir": "reports\\walkforward\\spy_aapl_smoke\\fold_1"
    },
    {
      "index": 2,
      "train_start_ts": 1704229200000000000,
      "train_end_ts": 1715976000000000001,
      "val_start_ts": 1716494400000000000,
      "val_end_ts": 1719000000000000001,
      "train_bars": 96,
      "val_bars": 20,
      "train_rows": 184,
      "train_pos_rate": 0.5760869565217391,
      "n_fills": 10,
      "fold_return_pct": 1.1260637419717532,
      "fold_sharpe": 3.0699260512917887,
      "fold_max_drawdown_pct": 0.5646868213899433,
      "final_equity": 101126.06374197175,
      "starting_cash": 100000.0,
      "model_dir": "reports\\walkforward\\spy_aapl_smoke\\fold_2"
    }
  ],
  "config": {
    "feature_names": [
      "ret_1m",
      "ret_5m",
      "rv_5m",
      "mom_z_5m"
    ],
    "horizon_bars": 3,
    "bar_minutes": 1440,
    "n_folds": 3,
    "train_min_bars": 50,
    "val_bars": 20,
    "purge_bars": 3,
    "embargo_bars": 0,
    "starting_cash": 100000.0,
    "per_symbol_notional": 10000.0,
    "venue": "nasdaq",
    "asset_class": "equity",
    "freq": "1d",
    "num_boost_round": 50,
    "entry_threshold": 0.0,
    "exit_threshold": 0.0
  }
}