{
  "n_folds": 3,
  "n_oos_bars": 117,
  "oos_total_return_pct": 1.421527201692685,
  "oos_sharpe": 1.456608026008495,
  "oos_max_drawdown_pct": 0.9107633199197718,
  "mean_fold_return_pct": 0.4758366917933599,
  "std_fold_return_pct": 1.1256585297339547,
  "mean_fold_sharpe": 1.3042826641647824,
  "std_fold_sharpe": 3.589125014158216,
  "pct_folds_positive_return": 0.6666666666666666,
  "pct_folds_positive_sharpe": 0.6666666666666666,
  "folds": [
    {
      "index": 0,
      "train_start_ts": 1704229200000000000,
      "train_end_ts": 1710360000000000001,
      "val_start_ts": 1710878400000000000,
      "val_end_ts": 1713297600000000001,
      "train_bars": 50,
      "val_bars": 20,
      "train_rows": 92,
      "train_pos_rate": 0.5869565217391305,
      "n_fills": 2,
      "fold_return_pct": -0.8239618160306855,
      "fold_sharpe": -2.8255773150234083,
      "fold_max_drawdown_pct": 0.8239618160306855,
      "final_equity": 99176.03818396931,
      "starting_cash": 100000.0,
      "model_dir": "reports\\walkforward\\spy_aapl_v2costs\\fold_0"
    },
    {
      "index": 1,
      "train_start_ts": 1704229200000000000,
      "train_end_ts": 1713297600000000001,
      "val_start_ts": 1713816000000000000,
      "val_end_ts": 1715976000000000001,
      "train_bars": 73,
      "val_bars": 20,
      "train_rows": 138,
      "train_pos_rate": 0.5434782608695652,
      "n_fills": 12,
      "fold_return_pct": 1.1256662564159925,
      "fold_sharpe": 3.6692306223557654,
      "fold_max_drawdown_pct": 0.2747698650773433,
      "final_equity": 101125.66625641599,
      "starting_cash": 100000.0,
      "model_dir": "reports\\walkforward\\spy_aapl_v2costs\\fold_1"
    },
    {
      "index": 2,
      "train_start_ts": 1704229200000000000,
      "train_end_ts": 1715976000000000001,
      "val_start_ts": 1716494400000000000,
      "val_end_ts": 1719000000000000001,
      "train_bars": 96,
      "val_bars": 20,
      "train_rows": 184,
      "train_pos_rate": 0.5760869565217391,
      "n_fills": 10,
      "fold_return_pct": 1.1258056349947727,
      "fold_sharpe": 3.0691946851619902,
      "fold_max_drawdown_pct": 0.564705661524285,
      "final_equity": 101125.80563499477,
      "starting_cash": 100000.0,
      "model_dir": "reports\\walkforward\\spy_aapl_v2costs\\fold_2"
    }
  ],
  "config": {
    "feature_names": [
      "ret_1m",
      "ret_5m",
      "rv_5m",
      "mom_z_5m"
    ],
    "horizon_bars": 3,
    "bar_minutes": 1440,
    "n_folds": 3,
    "train_min_bars": 50,
    "val_bars": 20,
    "purge_bars": 3,
    "embargo_bars": 0,
    "starting_cash": 100000.0,
    "per_symbol_notional": 10000.0,
    "venue": "nasdaq",
    "asset_class": "equity",
    "freq": "1d",
    "num_boost_round": 50,
    "entry_threshold": 0.0,
    "exit_threshold": 0.0
  }
}